/*
 Navicat Premium Data Transfer

 Source Server         : Test
 Source Server Type    : MySQL
 Source Server Version : 50721
 Source Host           : localhost:3306
 Source Schema         : join2

 Target Server Type    : MySQL
 Target Server Version : 50721
 File Encoding         : 65001

 Date: 07/05/2018 22:41:14
*/

SET NAMES utf8mb4;
SET FOREIGN_KEY_CHECKS = 0;

-- ----------------------------
-- Table structure for booking
-- ----------------------------
DROP TABLE IF EXISTS `booking`;
CREATE TABLE `booking`  (
  `BookingId` int(10) NOT NULL AUTO_INCREMENT,
  `StadiumId` int(10) NULL DEFAULT NULL,
  `UserId` int(10) NULL DEFAULT NULL,
  `PlaceId` varchar(10) CHARACTER SET utf8 COLLATE utf8_general_ci NULL DEFAULT NULL,
  `Time` varchar(20) CHARACTER SET utf8 COLLATE utf8_general_ci NULL DEFAULT NULL,
  `OrderTime` varchar(30) CHARACTER SET utf8 COLLATE utf8_general_ci NULL DEFAULT NULL,
  `Tel` varchar(11) CHARACTER SET utf8 COLLATE utf8_general_ci NULL DEFAULT NULL,
  `Used` int(1) UNSIGNED NULL DEFAULT 0,
  `Evaluate` int(1) NULL DEFAULT 0,
  PRIMARY KEY (`BookingId`) USING BTREE,
  INDEX `stadiumId_book`(`StadiumId`) USING BTREE,
  INDEX `userId_book`(`UserId`) USING BTREE,
  CONSTRAINT `stadiumId_book` FOREIGN KEY (`StadiumId`) REFERENCES `stadium` (`stadiumId`) ON DELETE NO ACTION ON UPDATE NO ACTION,
  CONSTRAINT `userId_book` FOREIGN KEY (`UserId`) REFERENCES `user` (`userId`) ON DELETE NO ACTION ON UPDATE NO ACTION
) ENGINE = InnoDB AUTO_INCREMENT = 8 CHARACTER SET = utf8 COLLATE = utf8_general_ci ROW_FORMAT = Dynamic;

-- ----------------------------
-- Records of booking
-- ----------------------------
INSERT INTO `booking` VALUES (2, 2, 10, '场地1', '2018年4月23日', '2018年4月26日20:12', '18728452246', 0, 0);
INSERT INTO `booking` VALUES (3, 1, 4, '场地1', '2018年5月2日', '2018年5月3日12:50', '123456', 1, 1);
INSERT INTO `booking` VALUES (4, 2, 4, '场地1', '2018年5月3日', '2018年5月3日16:13', '123456', 0, 0);
INSERT INTO `booking` VALUES (5, 2, 4, '场地2', '2018年5月4日', '2018年5月4日22:31', '123456', 1, 0);
INSERT INTO `booking` VALUES (6, 2, 4, '场地2', '2018年5月4日', '2018年5月7日0:37', '123456', 1, 1);
INSERT INTO `booking` VALUES (7, 1, 4, '场地2', '2018年5月4日', '2018年5月7日14:41', '123456', 1, 1);

-- ----------------------------
-- Table structure for collect
-- ----------------------------
DROP TABLE IF EXISTS `collect`;
CREATE TABLE `collect`  (
  `collectId` int(11) NOT NULL AUTO_INCREMENT,
  `stadiumId` int(11) NULL DEFAULT NULL,
  `userId` int(11) NULL DEFAULT NULL,
  PRIMARY KEY (`collectId`) USING BTREE
) ENGINE = InnoDB AUTO_INCREMENT = 5 CHARACTER SET = utf8 COLLATE = utf8_general_ci ROW_FORMAT = Dynamic;

-- ----------------------------
-- Records of collect
-- ----------------------------
INSERT INTO `collect` VALUES (1, 1, 1);
INSERT INTO `collect` VALUES (2, 2, 1);

-- ----------------------------
-- Table structure for evaluation
-- ----------------------------
DROP TABLE IF EXISTS `evaluation`;
CREATE TABLE `evaluation`  (
  `EvaluationId` int(10) NOT NULL AUTO_INCREMENT,
  `StadiumId` int(10) NULL DEFAULT NULL,
  `grade` double(10, 1) NULL DEFAULT NULL,
  `bookingId` int(11) NULL DEFAULT NULL,
  `content` varchar(255) CHARACTER SET utf8 COLLATE utf8_general_ci NULL DEFAULT NULL,
  PRIMARY KEY (`EvaluationId`) USING BTREE
) ENGINE = InnoDB AUTO_INCREMENT = 22 CHARACTER SET = utf8 COLLATE = utf8_general_ci ROW_FORMAT = Dynamic;

-- ----------------------------
-- Records of evaluation
-- ----------------------------
INSERT INTO `evaluation` VALUES (18, 1, 3.0, 7, 'asdasdasd');
INSERT INTO `evaluation` VALUES (19, 2, 2.5, 6, '啦咯啦咯啦咯');
INSERT INTO `evaluation` VALUES (20, 2, 5.0, 5, 'asdasd');
INSERT INTO `evaluation` VALUES (21, 1, 5.0, 3, 'qweq');

-- ----------------------------
-- Table structure for joining
-- ----------------------------
DROP TABLE IF EXISTS `joining`;
CREATE TABLE `joining`  (
  `joinId` int(11) NOT NULL AUTO_INCREMENT,
  `needId` int(11) NULL DEFAULT NULL,
  `userId` int(11) NULL DEFAULT NULL,
  PRIMARY KEY (`joinId`) USING BTREE
) ENGINE = InnoDB AUTO_INCREMENT = 17 CHARACTER SET = utf8 COLLATE = utf8_general_ci ROW_FORMAT = Dynamic;

-- ----------------------------
-- Records of joining
-- ----------------------------
INSERT INTO `joining` VALUES (11, 3, 3);
INSERT INTO `joining` VALUES (13, 4, 2);
INSERT INTO `joining` VALUES (14, 4, 10);
INSERT INTO `joining` VALUES (15, 5, 10);
INSERT INTO `joining` VALUES (16, 3, 10);

-- ----------------------------
-- Table structure for management
-- ----------------------------
DROP TABLE IF EXISTS `management`;
CREATE TABLE `management`  (
  `ManagementId` varchar(10) CHARACTER SET utf8 COLLATE utf8_general_ci NULL DEFAULT NULL,
  `Managementname` varchar(10) CHARACTER SET utf8 COLLATE utf8_general_ci NULL DEFAULT NULL,
  `Content` varchar(10) CHARACTER SET utf8 COLLATE utf8_general_ci NULL DEFAULT NULL,
  `Time` varchar(10) CHARACTER SET utf8 COLLATE utf8_general_ci NULL DEFAULT NULL
) ENGINE = InnoDB CHARACTER SET = utf8 COLLATE = utf8_general_ci ROW_FORMAT = Dynamic;

-- ----------------------------
-- Table structure for need
-- ----------------------------
DROP TABLE IF EXISTS `need`;
CREATE TABLE `need`  (
  `NeedId` int(10) NOT NULL AUTO_INCREMENT,
  `StadiumId` int(10) NULL DEFAULT NULL,
  `UserId` int(10) NULL DEFAULT NULL,
  `Time` varchar(20) CHARACTER SET utf8 COLLATE utf8_general_ci NULL DEFAULT NULL,
  `num_people` int(10) NULL DEFAULT NULL,
  `Remark` varchar(10) CHARACTER SET utf8 COLLATE utf8_general_ci NULL DEFAULT NULL,
  `sportstypeId` varchar(10) CHARACTER SET utf8 COLLATE utf8_general_ci NULL DEFAULT NULL,
  `num_join` int(10) NULL DEFAULT 0,
  PRIMARY KEY (`NeedId`) USING BTREE
) ENGINE = InnoDB AUTO_INCREMENT = 8 CHARACTER SET = utf8 COLLATE = utf8_general_ci ROW_FORMAT = Dynamic;

-- ----------------------------
-- Records of need
-- ----------------------------
INSERT INTO `need` VALUES (3, 1, 4, '2018年4月25日11:30', 4, 'asd', '篮球', 4);
INSERT INTO `need` VALUES (4, 2, 3, '2018年4月24日8:40', 5, 'asd', '足球', 2);
INSERT INTO `need` VALUES (5, 2, 4, '2018年4月25日13:40', 11, '男女不限', '足球', 1);
INSERT INTO `need` VALUES (6, 3, 10, '2018年4月24日9:50', 20, '', '健身', 0);
INSERT INTO `need` VALUES (7, 2, 4, '2018年5月4日12:50', 7, '没啥要求', '足球', 0);

-- ----------------------------
-- Table structure for notice
-- ----------------------------
DROP TABLE IF EXISTS `notice`;
CREATE TABLE `notice`  (
  `NoticeId` int(10) NOT NULL AUTO_INCREMENT,
  `Content` varchar(20) CHARACTER SET utf8 COLLATE utf8_general_ci NULL DEFAULT NULL,
  `Time` varchar(10) CHARACTER SET utf8 COLLATE utf8_general_ci NULL DEFAULT NULL,
  PRIMARY KEY (`NoticeId`) USING BTREE
) ENGINE = InnoDB AUTO_INCREMENT = 5 CHARACTER SET = utf8 COLLATE = utf8_general_ci ROW_FORMAT = Dynamic;

-- ----------------------------
-- Records of notice
-- ----------------------------
INSERT INTO `notice` VALUES (1, '明天更新请注意时间', '9:00');
INSERT INTO `notice` VALUES (2, '系统调试，若遇问题请谅解', '10:00');
INSERT INTO `notice` VALUES (3, '系统调试，若遇问题请谅解', '12:00');
INSERT INTO `notice` VALUES (4, '系统调试，若遇问题请谅解', '10:00');

-- ----------------------------
-- Table structure for picture
-- ----------------------------
DROP TABLE IF EXISTS `picture`;
CREATE TABLE `picture`  (
  `pictureId` int(10) NOT NULL AUTO_INCREMENT,
  `stadiumId` int(10) NULL DEFAULT NULL,
  `picture` varchar(50) CHARACTER SET utf8 COLLATE utf8_general_ci NULL DEFAULT NULL,
  `main` tinyint(1) NULL DEFAULT NULL,
  PRIMARY KEY (`pictureId`) USING BTREE,
  INDEX `StadiumId`(`stadiumId`) USING BTREE,
  CONSTRAINT `StadiumId` FOREIGN KEY (`stadiumId`) REFERENCES `stadium` (`stadiumId`) ON DELETE RESTRICT ON UPDATE RESTRICT
) ENGINE = InnoDB AUTO_INCREMENT = 4 CHARACTER SET = utf8 COLLATE = utf8_general_ci ROW_FORMAT = Dynamic;

-- ----------------------------
-- Records of picture
-- ----------------------------
INSERT INTO `picture` VALUES (1, 1, 'http://192.168.1.106:8080/Image/a.png', 1);
INSERT INTO `picture` VALUES (2, 2, 'http://192.168.1.106:8080/Image/b.png', 1);
INSERT INTO `picture` VALUES (3, 3, 'http://192.168.1.106:8080/Image/d.png', 1);

-- ----------------------------
-- Table structure for place
-- ----------------------------
DROP TABLE IF EXISTS `place`;
CREATE TABLE `place`  (
  `PlaceId` int(10) NOT NULL AUTO_INCREMENT,
  `StadiumId` int(10) NULL DEFAULT NULL,
  `State` varchar(10) CHARACTER SET utf8 COLLATE utf8_general_ci NULL DEFAULT NULL,
  `Material` varchar(10) CHARACTER SET utf8 COLLATE utf8_general_ci NULL DEFAULT NULL,
  `PlaceName` varchar(10) CHARACTER SET utf8 COLLATE utf8_general_ci NULL DEFAULT NULL,
  PRIMARY KEY (`PlaceId`) USING BTREE,
  INDEX `PlaceName`(`PlaceName`) USING BTREE
) ENGINE = InnoDB AUTO_INCREMENT = 16 CHARACTER SET = utf8 COLLATE = utf8_general_ci ROW_FORMAT = Dynamic;

-- ----------------------------
-- Records of place
-- ----------------------------
INSERT INTO `place` VALUES (1, 1, '1', '1', '场地1');
INSERT INTO `place` VALUES (2, 1, '1', '1', '场地2');
INSERT INTO `place` VALUES (3, 1, '1', '11', '场地3');
INSERT INTO `place` VALUES (4, 2, '1', '1', '场地1');
INSERT INTO `place` VALUES (5, 2, '1', '1', '场地2');
INSERT INTO `place` VALUES (6, 3, '1', '1', '场地1');
INSERT INTO `place` VALUES (7, 3, '1', '1', '场地2');
INSERT INTO `place` VALUES (8, 4, '1', '1', '场地1');
INSERT INTO `place` VALUES (9, 5, '1', '1', '场地1');
INSERT INTO `place` VALUES (10, 6, '1', '1', '场地1');
INSERT INTO `place` VALUES (11, 7, '2', '1', '场地1');
INSERT INTO `place` VALUES (12, 8, '1', '1', '场地1');
INSERT INTO `place` VALUES (13, 9, '1', '1', '场地1');
INSERT INTO `place` VALUES (14, 10, '1', '1', '场地1');
INSERT INTO `place` VALUES (15, 11, '1', '1', '场地1');

-- ----------------------------
-- Table structure for stadium
-- ----------------------------
DROP TABLE IF EXISTS `stadium`;
CREATE TABLE `stadium`  (
  `stadiumId` int(11) NOT NULL AUTO_INCREMENT,
  `stadiumname` varchar(20) CHARACTER SET utf8 COLLATE utf8_general_ci NULL DEFAULT NULL,
  `stadiumtypeId` varchar(11) CHARACTER SET utf8 COLLATE utf8_general_ci NULL DEFAULT NULL,
  `area` varchar(10) CHARACTER SET utf8 COLLATE utf8_general_ci NULL DEFAULT NULL,
  `num` varchar(10) CHARACTER SET utf8 COLLATE utf8_general_ci NULL DEFAULT NULL,
  `indoor` tinyint(1) NULL DEFAULT NULL,
  `aircondition` tinyint(1) NULL DEFAULT NULL,
  `city` varchar(5) CHARACTER SET utf8 COLLATE utf8_general_ci NULL DEFAULT NULL,
  `mainpicture` varchar(20) CHARACTER SET utf8 COLLATE utf8_general_ci NULL DEFAULT NULL,
  `adress` varchar(30) CHARACTER SET utf8 COLLATE utf8_general_ci NULL DEFAULT NULL,
  `opentime` varchar(20) CHARACTER SET utf8 COLLATE utf8_general_ci NULL DEFAULT NULL,
  `grade` double(255, 1) NULL DEFAULT 0.0,
  `closetime` varchar(20) CHARACTER SET utf8 COLLATE utf8_general_ci NULL DEFAULT NULL,
  PRIMARY KEY (`stadiumId`) USING BTREE
) ENGINE = InnoDB AUTO_INCREMENT = 12 CHARACTER SET = utf8 COLLATE = utf8_general_ci ROW_FORMAT = Dynamic;

-- ----------------------------
-- Records of stadium
-- ----------------------------
INSERT INTO `stadium` VALUES (1, '红区体育馆', '篮球', '10', '200', 1, 1, '成都市', 'a.png', '高新西区百叶路1号', '9', 4.0, '21');
INSERT INTO `stadium` VALUES (2, '蓝区体育场', '足球', '10', '1000', 0, 0, '成都市', 'b.png', '高新西区百叶路2号', '9', 3.8, '21');
INSERT INTO `stadium` VALUES (3, '健身俱乐部', '健身', '10', '100', 1, 1, '成都市', 'd.png', '高新西区百叶路3号', '7', 0.0, '21');
INSERT INTO `stadium` VALUES (4, '羽毛球场', '羽毛球', '20', '50', 1, 1, '成都市', 'c.png', '高新西区百叶路4号', '9', 0.0, '21');
INSERT INTO `stadium` VALUES (5, '国腾高尔夫球场', '高尔夫', '30', '100', 0, 0, '成都市', 'e.png', '高新西区百叶路5号', '9', 0.0, '21');
INSERT INTO `stadium` VALUES (6, '蓝区游泳池', '游泳', '20', '50', 0, 0, '成都市', 'f.png', '高新西区百叶路1号', '9', 0.0, '21');
INSERT INTO `stadium` VALUES (7, '射箭场馆', '射箭', '20', '20', 1, 1, '成都市', 'g.png', '高新西区百叶路2号', '9', 0.0, '21');
INSERT INTO `stadium` VALUES (8, '蓝区网球场', '网球', '20', '20', 0, 0, '成都市', 'h.png', '高新西区百叶路1号', '9', 0.0, '21');
INSERT INTO `stadium` VALUES (9, '网球场', '网球', '20', '20', 0, 0, '北京市', 'h.png', '朝阳区北京路2号', '9', 0.0, '21');
INSERT INTO `stadium` VALUES (10, '高尔夫球场', '高尔夫', '30', '100', 0, 0, '北京市', 'e.png', '东城区百叶路5号', '9', 0.0, '21');
INSERT INTO `stadium` VALUES (11, '射箭场馆', '射箭', '20', '20', 1, 1, '北京市', 'g.png', '西城区百叶路2号', '9', 0.0, '21');

-- ----------------------------
-- Table structure for stadiumevaluation
-- ----------------------------
DROP TABLE IF EXISTS `stadiumevaluation`;
CREATE TABLE `stadiumevaluation`  (
  `StadiumEvaluationId` varchar(10) CHARACTER SET utf8 COLLATE utf8_general_ci NULL DEFAULT NULL,
  `StadiumId` varchar(10) CHARACTER SET utf8 COLLATE utf8_general_ci NULL DEFAULT NULL,
  `UserId` varchar(10) CHARACTER SET utf8 COLLATE utf8_general_ci NULL DEFAULT NULL,
  `Content` varchar(10) CHARACTER SET utf8 COLLATE utf8_general_ci NULL DEFAULT NULL,
  `Time` varchar(10) CHARACTER SET utf8 COLLATE utf8_general_ci NULL DEFAULT NULL,
  `grade` varchar(10) CHARACTER SET utf8 COLLATE utf8_general_ci NULL DEFAULT NULL
) ENGINE = InnoDB CHARACTER SET = utf8 COLLATE = utf8_general_ci ROW_FORMAT = Dynamic;

-- ----------------------------
-- Table structure for stadiumtype
-- ----------------------------
DROP TABLE IF EXISTS `stadiumtype`;
CREATE TABLE `stadiumtype`  (
  `StadiumtypeId` int(3) NOT NULL AUTO_INCREMENT,
  `Stadiumtypename` varchar(10) CHARACTER SET utf8 COLLATE utf8_general_ci NULL DEFAULT NULL,
  PRIMARY KEY (`StadiumtypeId`) USING BTREE,
  INDEX `StadiumtypeId`(`StadiumtypeId`) USING BTREE
) ENGINE = InnoDB AUTO_INCREMENT = 4 CHARACTER SET = utf8 COLLATE = utf8_general_ci ROW_FORMAT = Dynamic;

-- ----------------------------
-- Records of stadiumtype
-- ----------------------------
INSERT INTO `stadiumtype` VALUES (1, '羽毛球');
INSERT INTO `stadiumtype` VALUES (2, '足球');
INSERT INTO `stadiumtype` VALUES (3, '健身');

-- ----------------------------
-- Table structure for sysdiagrams
-- ----------------------------
DROP TABLE IF EXISTS `sysdiagrams`;
CREATE TABLE `sysdiagrams`  (
  `name` varchar(128) CHARACTER SET utf8 COLLATE utf8_general_ci NULL DEFAULT NULL,
  `principal_id` int(11) NULL DEFAULT NULL,
  `diagram_id` int(11) NULL DEFAULT NULL,
  `version` int(11) NULL DEFAULT NULL,
  `definition` longblob NULL
) ENGINE = InnoDB CHARACTER SET = utf8 COLLATE = utf8_general_ci ROW_FORMAT = Dynamic;

-- ----------------------------
-- Records of sysdiagrams
-- ----------------------------
INSERT INTO `sysdiagrams` VALUES ('Diagram_0', 1, 1, 1, 0xD0CF11E0A1B11AE1000000000000000000000000000000003E000300FEFF0900060000000000000000000000010000000100000000000000001000000200000001000000FEFFFFFF0000000000000000FFFFFFFFFFFFFFFFFFFFFFFFFFFFFFFFFFFFFFFFFFFFFFFFFFFFFFFFFFFFFFFFFFFFFFFFFFFFFFFFFFFFFFFFFFFFFFFFFFFFFFFFFFFFFFFFFFFFFFFFFFFFFFFFFFFFFFFFFFFFFFFFFFFFFFFFFFFFFFFFFFFFFFFFFFFFFFFFFFFFFFFFFFFFFFFFFFFFFFFFFFFFFFFFFFFFFFFFFFFFFFFFFFFFFFFFFFFFFFFFFFFFFFFFFFFFFFFFFFFFFFFFFFFFFFFFFFFFFFFFFFFFFFFFFFFFFFFFFFFFFFFFFFFFFFFFFFFFFFFFFFFFFFFFFFFFFFFFFFFFFFFFFFFFFFFFFFFFFFFFFFFFFFFFFFFFFFFFFFFFFFFFFFFFFFFFFFFFFFFFFFFFFFFFFFFFFFFFFFFFFFFFFFFFFFFFFFFFFFFFFFFFFFFFFFFFFFFFFFFFFFFFFFFFFFFFFFFFFFFFFFFFFFFFFFFFFFFFFFFFFFFFFFFFFFFFFFFFFFFFFFFFFFFFFFFFFFFFFFFFFFFFFFFFFFFFFFFFFFFFFFFFFFFFFFFFFFFFFFFFFFFFFFFFFFFFFFFFFFFFFFFFFFFFFFFFFFFFFFFFFFFFFFFFFFFFFFFFFFFFFFFFFFFFFFFFFFFFFFFFFFFFFFFFFFFFFFFFFFFFFFFFFFFFFFFFFFFFFFFFFFFFFFFFFFFFFFFFFFFFFFFFFFFFFFFFFFFFFFFFFFFFFFFFFFFFFFFFFFFFFFFFFFFFFFFFFFFFFFFFFFFFFFFFFFFFFFFFFFFFFFFFFFFFFFFFFFFFFFFFFFFFFFFFFFFFFFFFFFFFFFFFFFFFFFFFFFFFFFFFFFFFFDFFFFFF1D000000FEFFFFFF0400000005000000060000000700000008000000090000002E0000000B0000000C0000000D0000000E0000000F000000100000001100000012000000130000001400000015000000160000001700000018000000190000001A0000001B0000001C000000FEFFFFFFFEFFFFFF1F000000200000002100000022000000230000002400000025000000260000002700000028000000290000002A0000002B0000002C0000002D000000FEFFFFFF2F000000FEFFFFFFFFFFFFFFFFFFFFFFFFFFFFFFFFFFFFFFFFFFFFFFFFFFFFFFFFFFFFFFFFFFFFFFFFFFFFFFFFFFFFFFFFFFFFFFFFFFFFFFFFFFFFFFFFFFFFFFFFFFFFFFFFFFFFFFFFFFFFFFFFFFFFFFFFFFFFFFFFFFFFFFFFFFFFFFFFFFFFFFFFFFFFFFFFFFFFFFFFFFFFFFFFFFFFFFFFFFFFFFFFFFFFFFFFFFFFFFFFFFFFFFFFFFFFFFFFFFFFFFFFFFFFFFFFFFFFFFFFFFFFFFFFFFFFFFFFFFFFFFFFFFFFFFFFFFFFFFFFFFFFFFFFFFFFFFFFFFFFFFFFFFFFFFFFFFFFFFFFFFFFFFFFFFFFFFFFFFFFFFFFFFFFFFFFFFFFFFFFFFFFFFFFFFFFFFFFFFFFFFFFFFFFFFFFFFFFFFFFFFFFFFFFFFFFFFFFFFFFFFFFFFFFFFFFFFFFFFFFFFFFFFFFFFFFFFFFFFFFFFFFFFFFFFFFFFFFFFFFFFFFFFFFFFFFFFFFFFFFFFFFFFFFFFFFFFFFFFFFFFFFFFFFFFFFFFFFFFFFFFFFFFFFFFFFFFFFFFFFFFFFFFFFFFFFFFFFFFFFFFFFFFFFFFFFFFFFFFFFFFFFFF52006F006F007400200045006E00740072007900000000000000000000000000000000000000000000000000000000000000000000000000000000000000000016000500FFFFFFFFFFFFFFFF0200000000000000000000000000000000000000000000000000000000000000A0E7CB17FFC4D3010300000040110000000000006600000000000000000000000000000000000000000000000000000000000000000000000000000000000000000000000000000000000000000000000000000004000201FFFFFFFFFFFFFFFFFFFFFFFF00000000000000000000000000000000000000000000000000000000000000000000000000000000020C0000000000006F000000000000000000000000000000000000000000000000000000000000000000000000000000000000000000000000000000000000000000000000000000040002010100000004000000FFFFFFFF0000000000000000000000000000000000000000000000000000000000000000000000000A0000006125000000000000010043006F006D0070004F0062006A0000000000000000000000000000000000000000000000000000000000000000000000000000000000000000000000000012000201FFFFFFFFFFFFFFFFFFFFFFFF000000000000000000000000000000000000000000000000000000000000000000000000310000005F000000000000000100000002000000030000000400000005000000060000000700000008000000090000000A0000000B0000000C0000000D0000000E0000000F000000100000001100000012000000130000001400000015000000160000001700000018000000190000001A0000001B0000001C0000001D0000001E0000001F000000200000002100000022000000230000002400000025000000260000002700000028000000290000002A0000002B0000002C0000002D0000002E0000002F00000030000000FEFFFFFF32000000FEFFFFFFFEFFFFFF35000000360000003700000038000000390000003A0000003B0000003C0000003D0000003E0000003F00000040000000410000004200000043000000FEFFFFFFFEFFFFFFFFFFFFFFFFFFFFFFFFFFFFFFFFFFFFFFFFFFFFFFFFFFFFFFFFFFFFFFFFFFFFFFFFFFFFFFFFFFFFFFFFFFFFFFFFFFFFFFFFFFFFFFFFFFFFFFFFFFFFFFFFFFFFFFFFFFFFFFFFFFFFFFFFFFFFFFFFFFFFFFFFFFFFFFFFFFFFFFFFFFFFFFFFFFFFFFFFFFFFFFFFFFFFFFFFFFFFFFFFFFFFFFFFFFFFFFFFFFFFFFFFFFFFFFFFFFFFFFFFFFFFFFFFFFFFFFFFFFFFFFFFFFFFFFFFFFFFFFFFFFFFFFFFFFFFFFFFFFFFFFFFFFFFFFFFFFFFFFFFFFFFFFFFFFFFFFFFFFFFFFFFFFFFFFFFFFFFFFFFFFFFFFFFFFFFFFFFFFFFFFFFFFFFFFFFFFFFFFFFFFFFFFFFFFFFFFFFFFFFFFFFFFFFFFFFFFFFFFFFFFFFFFFFFFFFFF000430000A1E100C05000080210000000F00FFFF21000000007D00001A720000D4250000699E0000F5B200000000000078ECFFFFDE805B10F195D011B0A000AA00BDCB5C00001800B300000006000080010000408622BC0253797374656D00000300000038002B00000009000000D9E6B0E91C81D011AD5100A0C90F5739F43B7F847F61C74385352986E1D552F8A0327DB2D86295428D98273C25A2DA2D00002C0043200000000000000000000053444DD2011FD1118E63006097D2DF4834C9D2777977D811907000065B840D9C00002C0043200000000000000000000051444DD2011FD1118E63006097D2DF4834C9D2777977D811907000065B840D9C21000000FC0A000000A1011500003000A50900000700008001000000A0020000008000000700008053636847726964000000000014370000426F6F6B696E670000002C00A509000007000080020000009A0200000080000004000080536368477269640000000000C67500004E65656400003000A509000007000080030000009C0200000080000005000080536368477269640058020000A41F0000506C61636569640000009400A5090000070000800400000052000000018000006C000000436F6E74726F6C00210A0000C72A00001C2050006C006100630065001D200E4E1C2042006F006F006B0069006E0067001D204B4EF49584767351FB7C1C2046004B005F005F0042006F006F006B0069006E0067005F005F0050006C00610063006500490064005F005F00330045003500320034003400300042001D2000002800B50100000700008005000000310000006D00000002800000436F6E74726F6C00670C00006D31000000003400A50900000700008006000000A6020000008000000A00008053636847726964000A410000926D00004576616C756174696F6E000000003400A50900000700008007000000A6020000008000000A000080536368477269640028230000000000004D616E6167656D656E74000000003000A509000007000080080000009E0200000080000006000080536368477269640000000000000000004E6F74696365640000003000A50900000700008009000000A0020000008000000700008053636847726964000A410000A2300000506963747572650000003000A5090000070000800A000000A0020000008000000700008053636847726964000A410000E64600005374616469756D0000009800A5090000070000800B000000520000000180000070000000436F6E74726F6C00FF490000833A00001C205300740061006400690075006D001D200E4E1C2050006900630074007500720065001D204B4EF49584767351FB7C1C2046004B005F005F0050006900630074007500720065005F005F005300740061006400690075006D005F005F00320044003200370042003800300039001D2000002800B5010000070000800C000000310000006D00000002800000436F6E74726F6C00A03600009141000000009400A5090000070000800D00000062000000018000006C000000436F6E74726F6C000C1600009B2400001C205300740061006400690075006D001D200E4E1C2050006C006100630065001D204B4EF49584767351FB7C1C2046004B005F005F0050006C006100630065005F005F005300740061006400690075006D00490064005F005F00330030003000340032003400420034001D2000002800B5010000070000800E000000310000006D00000002800000436F6E74726F6C00DF3300002924000000009800A5090000070000800F000000620000000180000070000000436F6E74726F6C0015160000633E00001C205300740061006400690075006D001D200E4E1C2042006F006F006B0069006E0067001D204B4EF49584767351FB7C1C2046004B005F005F0042006F006F006B0069006E0067005F005F005300740061006400690075006D005F005F00330046003400360036003800340034001D2000002800B50100000700008010000000310000006D00000002800000436F6E74726F6C00432B0000F13D000000009000A50900000700008011000000620000000180000068000000436F6E74726F6C00151600004D5600001C205300740061006400690075006D001D200E4E1C204E006500650064001D204B4EF49584767351FB7C1C2046004B005F005F004E006500650064005F005F005300740061006400690075006D00490064005F005F00340032003200320044003400450046001D2000002800B50100000700008012000000310000006B00000002800000436F6E74726F6C0031240000FB7E00000000A000A50900000700008013000000520000000180000076000000436F6E74726F6C00FF4900006F6100001C205300740061006400690075006D001D200E4E1C204500760061006C0075006100740069006F006E001D204B4EF49584767351FB7C1C2046004B005F005F004500760061006C0075006100740069006F005F005F00530074006100640069005F005F00340039004300330046003600420037001D20000000002800B50100000700008014000000310000006D00000002800000436F6E74726F6C00A03600009D69000000003C00A50900000700008015000000B402000000800000110000805363684772696400D0200000E45700005374616469756D4576616C756174696F6E0000000000AC00A50900000700008016000000620000000180000084000000436F6E74726F6C00E53600008B5400001C205300740061006400690075006D001D200E4E1C205300740061006400690075006D004500760061006C0075006100740069006F006E001D204B4EF49584767351FB7C1C2046004B005F005F005300740061006400690075006D00450076005F005F00530074006100640069005F005F00340035004600330036003500440033001D2000002800B50100000700008017000000310000006D00000002800000436F6E74726F6C00F82400007157000000003400A50900000700008018000000A8020000008000000B000080536368477269640018600000465000005374616469756D74797065000000A000A50900000700008019000000520000000180000078000000436F6E74726F6C005D550000F55300001C205300740061006400690075006D0074007900700065001D200E4E1C205300740061006400690075006D001D204B4EF49584767351FB7C1C2046004B005F005F005300740061006400690075006D005F005F005300740061006400690075006D005F005F00320041003400420034004200350045001D2000002800B5010000070000801A000000310000006D00000002800000436F6E74726F6C002C5100009F53000000003000A5090000070000801B0000009C0200000080000005000080536368477269640000000000B8560000557365727369640000009400A5090000070000801C00000052000000018000006A000000436F6E74726F6C00210A0000C13D00001C20550073006500720073001D200E4E1C2042006F006F006B0069006E0067001D204B4EF49584767351FB7C1C2046004B005F005F0042006F006F006B0069006E0067005F005F005500730065007200490064005F005F00330044003500450031004600440032001D20FFFF00002800B5010000070000801D000000310000006B00000002800000436F6E74726F6C00670C0000B949000000008800A5090000070000801E00000052000000018000005E000000436F6E74726F6C00210A0000206A00001C20550073006500720073001D200E4E1C204E006500650064001D204B4EF49584767351FB7C1C2046004B005F005F004E006500650064005F005F005500730065007200490064005F005F00340033003100360046003900320038001D20000000002800B5010000070000801F000000310000006500000002800000436F6E74726F6C0076F9FFFF237100000000A800A50900000700008020000000520000000180000080000000436F6E74726F6C0015160000436000001C20550073006500720073001D200E4E1C205300740061006400690075006D004500760061006C0075006100740069006F006E001D204B4EF49584767351FB7C1C2046004B005F005F005300740061006400690075006D00450076005F005F00550073006500720049005F005F00340036004500370038004100300043001D2000002800B50100000700008021000000310000006D00000002800000436F6E74726F6C0038120000ED5F000000000000000000000000000000000000000000000000000000000000000000000000000000000000000000000000000000000000000000000000000000000100FEFF030A0000FFFFFFFF00000000000000000000000000000000170000004D6963726F736F66742044445320466F726D20322E300010000000456D626564646564204F626A6563740000000000F439B271000000000000000000000000000000000000000000000000000000000000000000000000000000000000000000010003000000000000000C0000000B0000004E61BC00000000000000000000000000000000000000000000000000000000000000000000000000000000000000DBE6B0E91C81D011AD5100A0C90F573900000200906DC417FFC4D301020200001048450000000000000000000000000000000000960100004400610074006100200053006F0075007200630065003D004400450053004B0054004F0050002D0049005500470054005600430038003B0049006E0069007400690061006C00200043006100740061006C006F0067003D005300740061006400690075006D0042006F006F006B0069006E0067003B005000650072007300690073007400200053006500630075007200690074007900200049006E0066006F003D0054007200750065003B0055007300650072002000490044003D00730061003B004D0075006C002143341208000000411700006809000078563412070000001401000042006F006F006B0069006E00670000000A00000038BE27130000000038BE27135045AD240600000000000000060000000000000000000000000100000001000000000000A07C965AF07D965A387D965AECE6A25AF07D965AF47C965AE0CFA25AECCFA25AECCFA25AF8CFA25AF8CFA25A04D0A25A04D0A25A10D0A25A10D0A25A1CD0A25A1CD0A25A28D0A25A28D0A25A34D0A25A34D0A25A40D0A25A40D0A25A4CD0A25A4CD0A25A58D0A25A58D0A25A64D0A25A64D0A25A70D0A25A70D0A25A7CD0A25A7CD0A25A88D0A25A88D0A25A94D0A25A94D0A25AA0D0A25AA0D0A25AACD0A25AACD0A25AB8D0A25AB8D0000000000000000000000100000005000000540000002C0000002C0000002C000000340000000000000000000000A7290000D61C0000000000002D010000090000000C000000070000001C010000F708000053070000390300000B040000D0020000DD04000018060000A203000018060000BC070000460500000000000001000000411700006809000000000000070000000700000002000000020000001C010000E70900000000000001000000F2130000F40D000000000000040000000400000002000000020000001C010000F70800000100000000000000F21300000804000000000000000000000000000002000000020000001C010000F7080000000000000000000055320000C226000000000000000000000D00000004000000040000001C010000F70800009B0A00008106000078563412040000005800000001000000010000000B000000000000000100000002000000030000000400000005000000060000000700000008000000090000000A00000004000000640062006F0000000800000042006F006F006B0069006E0067000000214334120800000041170000CE1500007856341207000000140100004E0065006500640000005113F81D972407000000000000000000000000000000C81D97240500000000000000030000000000000000000000000100000001000000000000F07D965A807C965AF07D965A1437A45A107D965A9446A25AA446A25AD446A25AC446A25AF07D965ACC3EA35A90FFE75ACC463F21D4463F21DC463F21E4463F210C473F2114473F21DC433F2124473F212C473F214C473F2154473F215C473F21442B3F21502B3F210000000000000000000000000000000000000000982B3F21A42B3F210000000000000000000000000000000000000000000000000000000000000000000000000000000000000000000000000100000005000000540000002C0000002C0000002C000000340000000000000000000000A7290000D61C0000000000002D010000090000000C000000070000001C010000F708000053070000390300000B040000D0020000DD04000018060000A203000018060000BC07000046050000000000000100000041170000CE15000000000000070000000700000002000000020000001C010000E60A00000000000001000000F2130000790B000000000000030000000300000002000000020000001C010000F70800000100000000000000F21300000804000000000000000000000000000002000000020000001C010000F7080000000000000000000055320000C226000000000000000000000D00000004000000040000001C010000F70800009B0A00008106000078563412040000005200000001000000010000000B000000000000000100000002000000030000000400000005000000060000000700000008000000090000000A00000004000000640062006F000000050000004E0065006500640000002143341208000000E0140000DA0D000078563412070000001401000050006C0061006300650000002060A30D15000000D8158E2400000000D8158E24C061A30D1200000000000000030000000000000000000000000100000001000000000000F07D965ACC3EA35A90FFE75ADCE6A25AECE6A25AF07D965AA446A25AD446A25AC446A25AF07D965ACC3EA35A90FFE75ACC463F21D4463F21DC463F21E4463F210C473F2114473F21DC433F2124473F212C473F214C473F2154473F215C473F21442B3F21502B3F210000000000000000000000000000000000000000982B3F21A42B3F210000000000000000000000000000000000000000000000000000000000000000000000000000000000000000000000000100000005000000540000002C0000002C0000002C000000340000000000000000000000A7290000E0170000000000002D010000070000000C000000070000001C010000F708000053070000390300000B040000D0020000DD04000018060000A203000018060000BC070000460500000000000001000000E0140000DA0D000000000000040000000400000002000000020000001C0100008D0900000000000001000000F2130000FE08000000000000020000000200000002000000020000001C010000F70800000100000000000000F21300000804000000000000000000000000000002000000020000001C010000F7080000000000000000000055320000C226000000000000000000000D00000004000000040000001C010000F70800009B0A00008106000078563412040000005400000001000000010000000B000000000000000100000002000000030000000400000005000000060000000700000008000000090000000A00000004000000640062006F0000000600000050006C00610063006500000002000B00B80B00007E2D0000B80B0000143700000000000002000000F0F0F00000000000000000000000000000000000010000000500000000000000670C00006D310000471400003E0100002F000000010000020000471400003E0100000200000000000500008008000080010000001500018600009001905F010004CBCECCE51E0046004B005F005F0042006F006F006B0069006E0067005F005F0050006C00610063006500490064005F005F00330045003500320034003400300042002143341208000000411700009C0C00007856341207000000140100004500760061006C0075006100740069006F006E000000FF07DD17090805000000808BB70DFFFFFFFF00000000808BB70D88926707C04AF904390E0006736C0108E317090805000000808BB70DFFFFFFFF00000000808BB70D98926707C04AF9043A0E0006DC3C03081B8B050803000000808BB70DFFFFFFFF00000000808BB70DA8926707C04AF9043B0E0006433C03081218090807000000808BB70DFFFFFFFF000000002C9CBEB30001008000000000A0000000808BB70D78946707C04AF904580E00060B39FE074A8D050804000000808BB70DFFFFFFFF00000000808BB70D88946707C04AF904590E00064252000000000000000000000100000005000000540000002C0000002C0000002C000000340000000000000000000000A7290000E0170000000000002D010000070000000C000000070000001C010000F708000053070000390300000B040000D0020000DD04000018060000A203000018060000BC070000460500000000000001000000411700009C0C000000000000030000000300000002000000020000001C010000E60A00000000000001000000F2130000FE08000000000000020000000200000002000000020000001C010000F70800000100000000000000F21300000804000000000000000000000000000002000000020000001C010000F7080000000000000000000055320000C226000000000000000000000D00000004000000040000001C010000F70800009B0A00008106000078563412040000005E00000001000000010000000B000000000000000100000002000000030000000400000005000000060000000700000008000000090000000A00000004000000640062006F0000000B0000004500760061006C0075006100740069006F006E000000214334120800000041170000FD0E00007856341207000000140100004D0061006E006100670065006D0065006E00740000008E240000000058148E24D81C97240500000000000000060000000000000000000000000100000001000000000000B4BCA25ACCE6A25AECE6A25AF07D965ACC3EA35A90FFE75AA446A25AD446A25AC446A25AF07D965ACC3EA35A90FFE75ACC463F21D4463F21DC463F21E4463F210C473F2114473F21DC433F2124473F212C473F214C473F2154473F215C473F21442B3F21502B3F210000000000000000000000000000000000000000982B3F21A42B3F210000000000000000000000000000000000000000000000000000000000000000000000000000000000000000000000000100000005000000540000002C0000002C0000002C000000340000000000000000000000A7290000E0170000000000002D010000070000000C000000070000001C010000F708000053070000390300000B040000D0020000DD04000018060000A203000018060000BC07000046050000000000000100000041170000FD0E000000000000040000000400000002000000020000001C010000E60A00000000000001000000F21300008306000000000000010000000100000002000000020000001C010000F70800000100000000000000F21300000804000000000000000000000000000002000000020000001C010000F7080000000000000000000055320000C226000000000000000000000D00000004000000040000001C010000F70800009B0A00008106000078563412040000005E00000001000000010000000B000000000000000100000002000000030000000400000005000000060000000700000008000000090000000A00000004000000640062006F0000000B0000004D0061006E006100670065006D0065006E0074000000214334120800000041170000FD0E00007856341207000000140100004E006F00740069006300650000000000808BB70DFFFFFFFF000000006A9D44B3000A008000000000A0000000808BB70D08966707C04AF904700E0006118DFE078227090808000000808BB70DFFFFFFFF00000000808BB70D18966707C04AF904710E0006B76BFB077027090807000000808BB70DFFFFFFFF00000000808BB70D28966707C04AF904720E000676C90308488B050803000000808BB70DFFFFFFFF00000000808BB70D38966707C04AF904730E0006E75E03089A19090806000000808BB70DFFFFFFFF00000000509D52B3000B008000000000A0000000808BB70DB8926707C04AF9043C0E0006D3EC000000000000000000000100000005000000540000002C0000002C0000002C000000340000000000000000000000A7290000E0170000000000002D010000070000000C000000070000001C010000F708000053070000390300000B040000D0020000DD04000018060000A203000018060000BC07000046050000000000000100000041170000FD0E000000000000040000000400000002000000020000001C010000E60A00000000000001000000F21300008306000000000000010000000100000002000000020000001C010000F70800000100000000000000F21300000804000000000000000000000000000002000000020000001C010000F7080000000000000000000055320000C226000000000000000000000D00000004000000040000001C010000F70800009B0A00008106000078563412040000005600000001000000010000000B000000000000000100000002000000030000000400000005000000060000000700000008000000090000000A00000004000000640062006F000000070000004E006F00740069006300650000002143341208000000B51200009C0C0000785634120700000014010000500069006300740075007200650000000900000018138E240000000018138E249043AD240600000000000000030000000000000000000000000100000001000000000000F07D965ACC3EA35A90FFE75A0700000000000000010000000400000002000000000000000700000000000000000000000700000000000000000000000700000000000000010000000600000000000000000000000700000000000000000000000700000000000000000000000700000000000000000000000700000000000000000000000300000000000000000000000300000000000000010000000700000001000000010000000700000000000000000000000100000005000000540000002C0000002C0000002C000000340000000000000000000000A7290000E0170000000000002D010000070000000C000000070000001C010000F708000053070000390300000B040000D0020000DD04000018060000A203000018060000BC070000460500000000000001000000B51200009C0C000000000000030000000300000002000000020000001C010000520800000000000001000000F2130000FE08000000000000020000000200000002000000020000001C010000F70800000100000000000000F21300000804000000000000000000000000000002000000020000001C010000F7080000000000000000000055320000C226000000000000000000000D00000004000000040000001C010000F70800009B0A00008106000078563412040000005800000001000000010000000B000000000000000100000002000000030000000400000005000000060000000700000008000000090000000A00000004000000640062006F000000080000005000690063007400750072006500000021433412080000007F150000401D00007856341207000000140100005300740061006400690075006D000000000000000000000000000000000000000000000000000000000000000000000000000000000000000000000000000000000000000000000000000000000000000000000000000000000000000000000000000000000000000000000000000000000000000000000000000000000000000000000000000000000000000000000000000000000000000000000000000000000000000000000000000000000000000000000000000000000000000000000000000000000000000000000000000000000000000000000000000000000000000000000000000000000000000000000000000000000000000100000005000000540000002C0000002C0000002C000000340000000000000000000000A729000047240000000000002D0100000C0000000C000000070000001C010000F708000053070000390300000B040000D0020000DD04000018060000A203000018060000BC0700004605000000000000010000007F150000401D0000000000000A0000000A00000002000000020000001C010000E70900000000000001000000F2130000FE08000000000000020000000200000002000000020000001C010000F70800000100000000000000F21300000804000000000000000000000000000002000000020000001C010000F7080000000000000000000055320000C226000000000000000000000D00000004000000040000001C010000F70800009B0A00008106000078563412040000005800000001000000010000000B000000000000000100000002000000030000000400000005000000060000000700000008000000090000000A00000004000000640062006F000000080000005300740061006400690075006D00000002000B00964B0000E6460000964B00003E3D00000000000002000000F0F0F00000000000000000000000000000000000010000000C00000000000000A036000091410000471400003E01000031000000010000020000471400003E0100000200000000000500008008000080010000001500018600009001905F010004CBCECCE51E0046004B005F005F0050006900630074007500720065005F005F005300740061006400690075006D005F005F003200440032003700420038003000390004000B000A4100009E520000A23A00009E520000A23A00001626000038170000162600000000000002000000F0F0F00000000000000000000000000000000000010000000E00000000000000DF33000029240000471400003E01000043000000010000020000471400003E0100000200000000000500008008000080010000001500018600009001905F010004CBCECCE51E0046004B005F005F0050006C006100630065005F005F005300740061006400690075006D00490064005F005F003300300030003400320034004200340004000B000A4100007C470000262C00007C470000262C0000DE3F000041170000DE3F00000000000002000000F0F0F00000000000000000000000000000000000010000001000000000000000432B0000F13D0000471400003E0100003D000000010000020000471400003E0100000200000000000500008008000080010000001500018600009001905F010004CBCECCE51E0046004B005F005F0042006F006F006B0069006E0067005F005F005300740061006400690075006D005F005F003300460034003600360038003400340004000B000A410000E4570000A23A0000E4570000A23A0000E880000041170000E88000000000000002000000F0F0F0000000000000000000000000000000000001000000120000000000000031240000FB7E00009A1300003E0100003F0000000100000200009A1300003E0100000200000000000500008008000080010000001500018600009001905F010004CBCECCE51D0046004B005F005F004E006500650064005F005F005300740061006400690075006D00490064005F005F003400320032003200440034004500460002000B00964B000026640000964B0000926D00000000000002000000F0F0F00000000000000000000000000000000000010000001400000000000000A03600009D690000471400003E01000043000000010000020000471400003E0100000200000000000500008008000080010000001500018600009001905F010004CBCECCE51E0046004B005F005F004500760061006C0075006100740069006F005F005F00530074006100640069005F005F0034003900430033004600360042003700214334120800000041170000BE1300007856341207000000140100005300740061006400690075006D004500760061006C0075006100740069006F006E00000000000000000000000000000000000000000000000000000000000000000000000000000000000000000000000000000000000000000000000000000000000000000000000000000000000000000000000000000000000000000000000000000000000000000000000000000000000000000000000000000000000000000000000000000000000000000000000000000000000000000000000000000000000000000000000000000000000000000000000000000000000000000000000000000000000000000000000000000000000000000000000100000005000000540000002C0000002C0000002C000000340000000000000000000000A72900005B1A0000000000002D010000080000000C000000070000001C010000F708000053070000390300000B040000D0020000DD04000018060000A203000018060000BC07000046050000000000000100000041170000BE13000000000000060000000600000002000000020000001C010000E60A00000000000001000000F2130000790B000000000000030000000300000002000000020000001C010000F70800000100000000000000F21300000804000000000000000000000000000002000000020000001C010000F7080000000000000000000055320000C226000000000000000000000D00000004000000040000001C010000F70800009B0A00008106000078563412040000006C00000001000000010000000B000000000000000100000002000000030000000400000005000000060000000700000008000000090000000A00000004000000640062006F000000120000005300740061006400690075006D004500760061006C0075006100740069006F006E00000004000B000A41000022560000EE39000022560000EE390000DA61000011380000DA6100000000000002000000F0F0F00000000000000000000000000000000000010000001700000000000000F824000071570000471400003E01000032000000010000020000471400003E010000020000000000FFFFFF0008000080010000001500018600009001905F010004CBCECCE51E0046004B005F005F005300740061006400690075006D00450076005F005F00530074006100640069005F005F00340035004600330036003500440033002143341208000000411700003C0A00007856341207000000140100005300740061006400690075006D007400790070006500000000000000000000000000000000000000000000000000000000000000000000000000000000000000000000000000000000000000000000000000000000000000000000000000000000000000000000000000000000000000000000000000000000000000000000000000000000000000000000000000000000000000000000000000000000000000000000000000000000000000000000000000000000000000000000000000000000000000000000000000000000000000000000000000000000000000000000000000000000000000000000000000000000000000000000000100000005000000540000002C0000002C0000002C000000340000000000000000000000A7290000E0170000000000002D010000070000000C000000070000001C010000F708000053070000390300000B040000D0020000DD04000018060000A203000018060000BC070000460500000000000001000000411700003C0A000000000000020000000200000002000000020000001C010000E60A00000000000001000000F21300008306000000000000010000000100000002000000020000001C010000F70800000100000000000000F21300000804000000000000000000000000000002000000020000001C010000F7080000000000000000000055320000C226000000000000000000000D00000004000000040000001C010000F70800009B0A00008106000078563412040000006000000001000000010000000B000000000000000100000002000000030000000400000005000000060000000700000008000000090000000A00000004000000640062006F0000000C0000005300740061006400690075006D007400790070006500000002000B00186000008C550000895600008C5500000000000002000000F0F0F00000000000000000000000000000000000010000001A000000000000002C5100009F530000471400003E01000032000000010000020000471400003E010000020000000000FFFFFF0008000080010000001500018600009001905F010004CBCECCE51E0046004B005F005F005300740061006400690075006D005F005F005300740061006400690075006D005F005F00320041003400420034004200350045002143341208000000411700001F16000078563412070000001401000055007300650072007300000038F0FC075404D624C9926F301088670732D7FC072404D6247B656D5D18886707AFECFC076407D62428EF0E7520886707A7B1FC07D406D62400E941C828886707C9E7FC07A407D6241AE595693088670721E8FC07F401D6242A1154FB38886707F12BFF07F405D624DA6C480F40886707AFC5FC07E406D62403DB650E48886707CD9CFC078406D62481980C5A50886707B72FFD075407D624E7FE8F62588867073D7EFF0700000000EE7BCB4260886707C01CFD07A405D62406BBD7D974886707B21000080407D6247B05671A7C88670727D0FC079404D6248D8E7DC1848867077735000000000000000000000100000005000000540000002C0000002C0000002C000000340000000000000000000000A7290000D61C0000000000002D010000090000000C000000070000001C010000F708000053070000390300000B040000D0020000DD04000018060000A203000018060000BC070000460500000000000001000000411700001F16000000000000070000000700000002000000020000001C010000E60A00000000000001000000F21300008306000000000000010000000100000002000000020000001C010000F70800000100000000000000F21300000804000000000000000000000000000002000000020000001C010000F7080000000000000000000055320000C226000000000000000000000D00000004000000040000001C010000F70800009B0A00008106000078563412040000005400000001000000010000000B000000000000000100000002000000030000000400000005000000060000000700000008000000090000000A00000004000000640062006F0000000600000055007300650072007300000002000B00B80B0000B8560000B80B00007C4000000000000002000000F0F0F00000000000000000000000000000000000010000001D00000000000000670C0000B94900009A1300003E010000380000000100000200009A1300003E010000020000000000FFFFFF0008000080010000001500018600009001905F010004CBCECCE51D0046004B005F005F0042006F006F006B0069006E0067005F005F005500730065007200490064005F005F003300440035004500310046004400320002000B00B80B0000D76C0000B80B0000C67500000000000002000000F0F0F00000000000000000000000000000000000010000001F0000000000000076F9FFFF23710000931100003E01000038000000010000020000931100003E010000020000000000FFFFFF0008000080010000001500018600009001905F010004CBCECCE51A0046004B005F005F004E006500650064005F005F005500730065007200490064005F005F003400330031003600460039003200380002000B0041170000DA610000D0200000DA6100000000000002000000F0F0F0000000000000000000000000000000000001000000210000000000000038120000ED5F0000471400003E0100002F000000010000020000471400003E010000020000000000FFFFFF0008000080010000001500018600009001905F010004CBCECCE51E0046004B005F005F005300740061006400690075006D00450076005F005F00550073006500720049005F005F00340036004500370038004100300043000000000000000000000000000000000000000000000000000000000000000000000000000000000000000000000000000000000000000000000000000000000000000000000000000000000000000000000000000000000000000000000000000000000000000000000000000000000000000000000000000000000000000000000000000000000000000000000000000000000000000000000000000000000300440064007300530074007200650061006D000000000000000000000000000000000000000000000000000000000000000000000000000000000000000000160002000300000006000000FFFFFFFF0000000000000000000000000000000000000000000000000000000000000000000000001E000000431E00000000000053006300680065006D00610020005500440056002000440065006600610075006C0074000000000000000000000000000000000000000000000000000000000026000200FFFFFFFFFFFFFFFFFFFFFFFF000000000000000000000000000000000000000000000000000000000000000000000000330000001600000000000000440053005200450046002D0053004300480045004D0041002D0043004F004E00540045004E0054005300000000000000000000000000000000000000000000002C0002010500000007000000FFFFFFFF00000000000000000000000000000000000000000000000000000000000000000000000034000000F60300000000000053006300680065006D00610020005500440056002000440065006600610075006C007400200050006F007300740020005600360000000000000000000000000036000200FFFFFFFFFFFFFFFFFFFFFFFF0000000000000000000000000000000000000000000000000000000000000000000000004400000012000000000000000C0000000000000078ECFFFF0100260000007300630068005F006C006100620065006C0073005F00760069007300690062006C0065000000010000000B0000001E000000000000000000000000000000000000006400000000000000000000000000000000000000000000000000010000000100000000000000000000000000000000000000D00200000600280000004100630074006900760065005400610062006C00650056006900650077004D006F006400650000000100000008000400000031000000200000005400610062006C00650056006900650077004D006F00640065003A00300000000100000008003A00000034002C0030002C003200380034002C0030002C0032003200390035002C0031002C0031003800370035002C0035002C0031003200340035000000200000005400610062006C00650056006900650077004D006F00640065003A00310000000100000008001E00000032002C0030002C003200380034002C0030002C0032003500330035000000200000005400610062006C00650056006900650077004D006F00640065003A00320000000100000008001E00000032002C0030002C003200380034002C0030002C0032003200390035000000200000005400610062006C00650056006900650077004D006F00640065003A00330000000100000008001E00000032002C0030002C003200380034002C0030002C0032003200390035000000200000005400610062006C00650056006900650077004D006F00640065003A00340000000100000008003E00000034002C0030002C003200380034002C0030002C0032003200390035002C00310032002C0032003700310035002C00310031002C0031003600360035000000020000000200000000000000000000000000000000000000D00200000600280000004100630074006900760065005400610062006C00650056006900650077004D006F006400650000000100000008000400000031000000200000005400610062006C00650056006900650077004D006F00640065003A00300000000100000008003A00000034002C0030002C003200380034002C0030002C0032003200390035002C0031002C0031003800370035002C0035002C0031003200340035000000200000005400610062006C00650056006900650077004D006F00640065003A00310000000100000008001E00000032002C0030002C003200380034002C0030002C0032003700390030000000200000005400610062006C00650056006900650077004D006F00640065003A00320000000100000008001E00000032002C0030002C003200380034002C0030002C0032003200390035000000200000005400610062006C00650056006900650077004D006F00640065003A00330000000100000008001E00000032002C0030002C003200380034002C0030002C0032003200390035000000200000005400610062006C00650056006900650077004D006F00640065003A00340000000100000008003E00000034002C0030002C003200380034002C0030002C0032003200390035002C00310032002C0032003700310035002C00310031002C0031003600360035000000030000000300000000000000000000000000000000000000D00200000600280000004100630074006900760065005400610062006C00650056006900650077004D006F006400650000000100000008000400000031000000200000005400610062006C00650056006900650077004D006F00640065003A00300000000100000008003A00000034002C0030002C003200380034002C0030002C0032003200390035002C0031002C0031003800370035002C0035002C0031003200340035000000200000005400610062006C00650056006900650077004D006F00640065003A00310000000100000008001E00000032002C0030002C003200380034002C0030002C0032003400340035000000200000005400610062006C00650056006900650077004D006F00640065003A00320000000100000008001E00000032002C0030002C003200380034002C0030002C0032003200390035000000200000005400610062006C00650056006900650077004D006F00640065003A00330000000100000008001E00000032002C0030002C003200380034002C0030002C0032003200390035000000200000005400610062006C00650056006900650077004D006F00640065003A00340000000100000008003E00000034002C0030002C003200380034002C0030002C0032003200390035002C00310032002C0032003700310035002C00310031002C00310036003600350000000400000004000000000000004E000000011ECF7001000000640062006F00000046004B005F005F0042006F006F006B0069006E0067005F005F0050006C00610063006500490064005F005F003300450035003200340034003000420000000000000000000000C402000000000500000005000000040000000800000001168E2458168E240000000000000000AD0F0000010000060000000600000000000000000000000000000000000000D00200000600280000004100630074006900760065005400610062006C00650056006900650077004D006F006400650000000100000008000400000031000000200000005400610062006C00650056006900650077004D006F00640065003A00300000000100000008003A00000034002C0030002C003200380034002C0030002C0032003200390035002C0031002C0031003800370035002C0035002C0031003200340035000000200000005400610062006C00650056006900650077004D006F00640065003A00310000000100000008001E00000032002C0030002C003200380034002C0030002C0032003700390030000000200000005400610062006C00650056006900650077004D006F00640065003A00320000000100000008001E00000032002C0030002C003200380034002C0030002C0032003200390035000000200000005400610062006C00650056006900650077004D006F00640065003A00330000000100000008001E00000032002C0030002C003200380034002C0030002C0032003200390035000000200000005400610062006C00650056006900650077004D006F00640065003A00340000000100000008003E00000034002C0030002C003200380034002C0030002C0032003200390035002C00310032002C0032003700310035002C00310031002C0031003600360035000000070000000700000000000000000000000000000000000000D00200000600280000004100630074006900760065005400610062006C00650056006900650077004D006F006400650000000100000008000400000031000000200000005400610062006C00650056006900650077004D006F00640065003A00300000000100000008003A00000034002C0030002C003200380034002C0030002C0032003200390035002C0031002C0031003800370035002C0035002C0031003200340035000000200000005400610062006C00650056006900650077004D006F00640065003A00310000000100000008001E00000032002C0030002C003200380034002C0030002C0032003700390030000000200000005400610062006C00650056006900650077004D006F00640065003A00320000000100000008001E00000032002C0030002C003200380034002C0030002C0032003200390035000000200000005400610062006C00650056006900650077004D006F00640065003A00330000000100000008001E00000032002C0030002C003200380034002C0030002C0032003200390035000000200000005400610062006C00650056006900650077004D006F00640065003A00340000000100000008003E00000034002C0030002C003200380034002C0030002C0032003200390035002C00310032002C0032003700310035002C00310031002C0031003600360035000000080000000800000000000000000000000000000000000000D00200000600280000004100630074006900760065005400610062006C00650056006900650077004D006F006400650000000100000008000400000031000000200000005400610062006C00650056006900650077004D006F00640065003A00300000000100000008003A00000034002C0030002C003200380034002C0030002C0032003200390035002C0031002C0031003800370035002C0035002C0031003200340035000000200000005400610062006C00650056006900650077004D006F00640065003A00310000000100000008001E00000032002C0030002C003200380034002C0030002C0032003700390030000000200000005400610062006C00650056006900650077004D006F00640065003A00320000000100000008001E00000032002C0030002C003200380034002C0030002C0032003200390035000000200000005400610062006C00650056006900650077004D006F00640065003A00330000000100000008001E00000032002C0030002C003200380034002C0030002C0032003200390035000000200000005400610062006C00650056006900650077004D006F00640065003A00340000000100000008003E00000034002C0030002C003200380034002C0030002C0032003200390035002C00310032002C0032003700310035002C00310031002C0031003600360035000000090000000900000000000000000000000000000000000000D00200000600280000004100630074006900760065005400610062006C00650056006900650077004D006F006400650000000100000008000400000031000000200000005400610062006C00650056006900650077004D006F00640065003A00300000000100000008003A00000034002C0030002C003200380034002C0030002C0032003200390035002C0031002C0031003800370035002C0035002C0031003200340035000000200000005400610062006C00650056006900650077004D006F00640065003A00310000000100000008001E00000032002C0030002C003200380034002C0030002C0032003100330030000000200000005400610062006C00650056006900650077004D006F00640065003A00320000000100000008001E00000032002C0030002C003200380034002C0030002C0032003200390035000000200000005400610062006C00650056006900650077004D006F00640065003A00330000000100000008001E00000032002C0030002C003200380034002C0030002C0032003200390035000000200000005400610062006C00650056006900650077004D006F00640065003A00340000000100000008003E00000034002C0030002C003200380034002C0030002C0032003200390035002C00310032002C0032003700310035002C00310031002C00310036003600350000000A0000000A00000000000000000000000000000000000000D00200000600280000004100630074006900760065005400610062006C00650056006900650077004D006F006400650000000100000008000400000031000000200000005400610062006C00650056006900650077004D006F00640065003A00300000000100000008003A00000034002C0030002C003200380034002C0030002C0032003200390035002C0031002C0031003800370035002C0035002C0031003200340035000000200000005400610062006C00650056006900650077004D006F00640065003A00310000000100000008001E00000032002C0030002C003200380034002C0030002C0032003500330035000000200000005400610062006C00650056006900650077004D006F00640065003A00320000000100000008001E00000032002C0030002C003200380034002C0030002C0032003200390035000000200000005400610062006C00650056006900650077004D006F00640065003A00330000000100000008001E00000032002C0030002C003200380034002C0030002C0032003200390035000000200000005400610062006C00650056006900650077004D006F00640065003A00340000000100000008003E00000034002C0030002C003200380034002C0030002C0032003200390035002C00310032002C0032003700310035002C00310031002C00310036003600350000000B0000000B000000000000004E0000000100350001000000640062006F00000046004B005F005F0050006900630074007500720065005F005F005300740061006400690075006D005F005F003200440032003700420038003000390000000000000000000000C402000000000C0000000C0000000B0000000800000001D8511310D851130000000000000000AD0F00000100000D0000000D000000000000004E0000000100350001000000640062006F00000046004B005F005F0050006C006100630065005F005F005300740061006400690075006D00490064005F005F003300300030003400320034004200340000000000000000000000C402000000000E0000000E0000000D0000000800000001D8511390D851130000000000000000AD0F00000100000F0000000F000000000000004E0000000100350001000000640062006F00000046004B005F005F0042006F006F006B0069006E0067005F005F005300740061006400690075006D005F005F003300460034003600360038003400340000000000000000000000C4020000000010000000100000000F0000000800000001DB511390DB51130000000000000000AD0F00000100001100000011000000000000004C000000011ECF7001000000640062006F00000046004B005F005F004E006500650064005F005F005300740061006400690075006D00490064005F005F003400320032003200440034004500460000000000000000000000C402000000001200000012000000110000000800000001D7511350D751130000000000000000AD0F00000100001300000013000000000000004E0000000100350001000000640062006F00000046004B005F005F004500760061006C0075006100740069006F005F005F00530074006100640069005F005F003400390043003300460036004200370000000000000000000000C402000000001400000014000000130000000800000001D85113D0D851130000000000000000AD0F0000010000150000001500000000000000000000000000000000000000D00200000600280000004100630074006900760065005400610062006C00650056006900650077004D006F006400650000000100000008000400000031000000200000005400610062006C00650056006900650077004D006F00640065003A00300000000100000008003A00000034002C0030002C003200380034002C0030002C0032003200390035002C0031002C0031003800370035002C0035002C0031003200340035000000200000005400610062006C00650056006900650077004D006F00640065003A00310000000100000008001E00000032002C0030002C003200380034002C0030002C0032003700390030000000200000005400610062006C00650056006900650077004D006F00640065003A00320000000100000008001E00000032002C0030002C003200380034002C0030002C0032003200390035000000200000005400610062006C00650056006900650077004D006F00640065003A00330000000100000008001E00000032002C0030002C003200380034002C0030002C0032003200390035000000200000005400610062006C00650056006900650077004D006F00640065003A00340000000100000008003E00000034002C0030002C003200380034002C0030002C0032003200390035002C00310032002C0032003700310035002C00310031002C00310036003600350000001600000016000000000000004E000000016AE22901000000640062006F00000046004B005F005F005300740061006400690075006D00450076005F005F00530074006100640069005F005F003400350046003300360035004400330000000000000000000000C402000000001700000017000000160000000800000001DA511310DA51130000000000000000AD0F0000010000180000001800000000000000000000000000000000000000D00200000600280000004100630074006900760065005400610062006C00650056006900650077004D006F006400650000000100000008000400000031000000200000005400610062006C00650056006900650077004D006F00640065003A00300000000100000008003A00000034002C0030002C003200380034002C0030002C0032003200390035002C0031002C0031003800370035002C0035002C0031003200340035000000200000005400610062006C00650056006900650077004D006F00640065003A00310000000100000008001E00000032002C0030002C003200380034002C0030002C0032003700390030000000200000005400610062006C00650056006900650077004D006F00640065003A00320000000100000008001E00000032002C0030002C003200380034002C0030002C0032003200390035000000200000005400610062006C00650056006900650077004D006F00640065003A00330000000100000008001E00000032002C0030002C003200380034002C0030002C0032003200390035000000200000005400610062006C00650056006900650077004D006F00640065003A00340000000100000008003E00000034002C0030002C003200380034002C0030002C0032003200390035002C00310032002C0032003700310035002C00310031002C00310036003600350000001900000019000000000000004E0000000100350001000000640062006F00000046004B005F005F005300740061006400690075006D005F005F005300740061006400690075006D005F005F003200410034004200340042003500450000000000000000000000C402000000001A0000001A000000190000000800000001DB5113D0DB51130000000000000000AD0F00000100001B0000001B00000000000000000000000000000000000000D00200000600280000004100630074006900760065005400610062006C00650056006900650077004D006F006400650000000100000008000400000031000000200000005400610062006C00650056006900650077004D006F00640065003A00300000000100000008003A00000034002C0030002C003200380034002C0030002C0032003200390035002C0031002C0031003800370035002C0035002C0031003200340035000000200000005400610062006C00650056006900650077004D006F00640065003A00310000000100000008001E00000032002C0030002C003200380034002C0030002C0032003700390030000000200000005400610062006C00650056006900650077004D006F00640065003A00320000000100000008001E00000032002C0030002C003200380034002C0030002C0032003200390035000000200000005400610062006C00650056006900650077004D006F00640065003A00330000000100000008001E00000032002C0030002C003200380034002C0030002C0032003200390035000000200000005400610062006C00650056006900650077004D006F00640065003A00340000000100000008003E00000034002C0030002C003200380034002C0030002C0032003200390035002C00310032002C0032003700310035002C00310031002C00310036003600350000001C0000001C000000000000004C000000016AE22901000000640062006F00000046004B005F005F0042006F006F006B0069006E0067005F005F005500730065007200490064005F005F003300440035004500310046004400320000000000000000000000C402000000001D0000001D0000001C0000000800000001DF511310DF51130000000000000000AD0F00000100001E0000001E00000000000000460000000179004901000000640062006F00000046004B005F005F004E006500650064005F005F005500730065007200490064005F005F003400330031003600460039003200380000000000000000000000C402000000001F0000001F0000001E0000000800000001E7511350E751130000000000000000AD0F00000100002000000020000000000000004E000000016AE22901000000640062006F00000046004B005F005F005300740061006400690075006D00450076005F005F00550073006500720049005F005F003400360045003700380041003000430000000000000000000000C402000000002100000021000000200000000800000001AE511350AE51130000000000000000AD0F0000010000370000000400000003000000010000001F00000026000000160000000A00000015000000780000006D000000130000000A000000060000002300000022000000110000000A000000020000007E000000710000000F0000000A0000000100000046000000690000000D0000000A000000030000006C000000590000000B0000000A00000009000000220000002300000019000000180000000A0000005C00000077000000200000001B00000015000000710000006C0000001E0000001B0000000200000027000000260000001C0000001B000000010000002600000027000000000000000000000000000000000000000000000000000000000000000000000000000000000000000000000000000000000000000000000000000000000000000000000000000000000000000000000000000000000000000000000000000000000000000000000000000000000000000000000000000000000000000000000000000000000000000000000000000000000000000000000000000000000000000000000000000000000000000000000000000000000000000000000000000000000000000000000000000000000000000000000000000000000000000000000000000000000000000000000000000000000000000000000000000000000000000000000000000000000000000000000000000000000000000000000000000000000000000000000000000000000000000000000000000000000000000000000000000000000000000000000000000000000000000000000000000000000000000000000000000000000000000000000000000000000000000000000000000000000000000000000000000000000000000000000000000000000000000000000000000000000000000000000000000000000000000000000000000000007400690070006C00650041006300740069007600650052006500730075006C00740053006500740073003D00460061006C00730065003B005000610063006B00650074002000530069007A0065003D0034003000390036003B004100700070006C00690063006100740069006F006E0020004E0061006D0065003D0022004D006900630072006F0073006F00660074002000530051004C00200053006500720076006500720020004D0061006E006100670065006D0065006E0074002000530074007500640069006F002200000000800500140000004400690061006700720061006D005F0030000000000226001000000042006F006F006B0069006E006700000008000000640062006F000000000226000A0000004E00650065006400000008000000640062006F000000000226000C00000050006C00610063006500000008000000640062006F00000000022600160000004500760061006C0075006100740069006F006E00000008000000640062006F00000000022600160000004D0061006E006100670065006D0065006E007400000008000000640062006F000000000226000E0000004E006F007400690063006500000008000000640062006F00000000022600100000005000690063007400750072006500000008000000640062006F00000000022600100000005300740061006400690075006D00000008000000640062006F00000000022600240000005300740061006400690075006D004500760061006C0075006100740069006F006E00000008000000640062006F00000000022600180000005300740061006400690075006D007400790070006500000008000000640062006F000000000224000C00000055007300650072007300000008000000640062006F00000001000000D68509B3BB6BF2459AB8371664F0327008004E0000007B00310036003300340043004400440037002D0030003800380038002D0034003200450033002D0039004600410032002D004200360044003300320035003600330042003900310044007D00000000000000000000000000010003000000000000000C0000000B0000000000000000000000000000000000000000000000000000000000000000000000000000000000000000000000000000000000000000000000000000000000000000000000000000000000000000000000000000000000000000000000000000000000000000000000000000000000000000000000000000000000000000000000000000000000000000000000000000000000000000000000000000000000000000000000000000000000000000000000000000000000000000000000000000000000000000000000000000000000000000000000000000000000000000000000000000000000000000000000000062885214);

-- ----------------------------
-- Table structure for user
-- ----------------------------
DROP TABLE IF EXISTS `user`;
CREATE TABLE `user`  (
  `userId` int(11) NOT NULL AUTO_INCREMENT,
  `username` varchar(10) CHARACTER SET utf8 COLLATE utf8_general_ci NULL DEFAULT NULL,
  `password` varchar(10) CHARACTER SET utf8 COLLATE utf8_general_ci NULL DEFAULT NULL,
  `realname` varchar(10) CHARACTER SET utf8 COLLATE utf8_general_ci NULL DEFAULT NULL,
  `sex` char(10) CHARACTER SET utf8 COLLATE utf8_general_ci NULL DEFAULT NULL,
  `tel` char(11) CHARACTER SET utf8 COLLATE utf8_general_ci NULL DEFAULT NULL,
  `myright` varchar(15) CHARACTER SET utf8 COLLATE utf8_general_ci NULL DEFAULT NULL,
  `proflie` varchar(50) CHARACTER SET utf8 COLLATE utf8_general_ci NULL DEFAULT NULL,
  PRIMARY KEY (`userId`) USING BTREE
) ENGINE = InnoDB AUTO_INCREMENT = 11 CHARACTER SET = utf8 COLLATE = utf8_general_ci ROW_FORMAT = Dynamic;

-- ----------------------------
-- Records of user
-- ----------------------------
INSERT INTO `user` VALUES (2, 'jack', '1234', 'jacket', '女', '13087654321', 'user_normal', NULL);
INSERT INTO `user` VALUES (3, 'me', '123', 'jacket', '女', '13087654321', '管理员', '192168001106168.jpg');
INSERT INTO `user` VALUES (4, 'asd', '1234', 'asd', '男', '123456', '普通用户', '192168001106827.jpg');
INSERT INTO `user` VALUES (5, 'qqq', '121212', 'rrr', '男', '112121212', '普通用户', NULL);
INSERT INTO `user` VALUES (6, 'liu', 'bm123123', 'eeq', '男', '13551212893', '普通用户', NULL);
INSERT INTO `user` VALUES (7, 'fly', '111', '梁鸿飞', '男', '18349261903', '普通用户', NULL);
INSERT INTO `user` VALUES (8, 'qq', 'qq', 'qqq', '男', '13551355624', '场馆用户', NULL);
INSERT INTO `user` VALUES (9, 'l', 'qqqqq', 'qq', '男', 'www', '普通用户', NULL);
INSERT INTO `user` VALUES (10, 'taotao', '123456789', 'lin', '男', '18728452246', '普通用户', '192168001106844.jpg');

-- ----------------------------
-- View structure for booklist
-- ----------------------------
DROP VIEW IF EXISTS `booklist`;
CREATE ALGORITHM = UNDEFINED DEFINER = `root`@`localhost` SQL SECURITY DEFINER VIEW `booklist` AS select `booking`.`BookingId` AS `BookingId`,`booking`.`UserId` AS `UserId`,`stadium`.`stadiumname` AS `stadiumname`,`booking`.`StadiumId` AS `stadiumId`,`stadium`.`mainpicture` AS `mainpicture`,`booking`.`PlaceId` AS `PlaceId`,`booking`.`Time` AS `Time`,`booking`.`OrderTime` AS `OrderTime`,`booking`.`Used` AS `Used`,`booking`.`Evaluate` AS `Evaluate` from (`stadium` join `booking`) where (`stadium`.`stadiumId` = `booking`.`StadiumId`);

-- ----------------------------
-- View structure for needlist
-- ----------------------------
DROP VIEW IF EXISTS `needlist`;
CREATE ALGORITHM = UNDEFINED DEFINER = `root`@`localhost` SQL SECURITY DEFINER VIEW `needlist` AS select `need`.`NeedId` AS `NeedId`,`need`.`UserId` AS `UserId`,`need`.`StadiumId` AS `StadiumId`,`user`.`username` AS `username`,`stadium`.`stadiumname` AS `stadiumname`,`need`.`Time` AS `Time`,`need`.`num_people` AS `num_people`,`need`.`num_join` AS `num_join`,`need`.`Remark` AS `Remark`,`need`.`sportstypeId` AS `sportstypeId`,`user`.`proflie` AS `proflie` from ((`need` join `user`) join `stadium`) where ((`need`.`UserId` = `user`.`userId`) and (`need`.`StadiumId` = `stadium`.`stadiumId`));

SET FOREIGN_KEY_CHECKS = 1;
